left_shoulder_left_wrist,right_shoulder_right_wrist,left_hip_left_ankle,right_hip_right_ankle,left_hip_left_wrist,right_hip_right_wrist,left_shoulder_left_ankle,right_shoulder_right_ankle,left_hip_right_wrist,right_hip_left_wrist,left_elbow_right_elbow,left_knee_right_knee,left_wrist_right_wrist,left_ankle_right_ankle,left_hip_avg_left_wrist_left_ankle,right_hip_avg_right_wrist_right_ankle,right_elbow_right_shoulder_right_hip,left_elbow_left_shoulder_left_hip,right_knee_mid_hip_left_knee,right_hip_right_knee_right_ankle,left_hip_left_knee_left_ankle,right_wrist_right_elbow_right_shoulder,left_wrist_left_elbow_left_shoulder,pose
1.2289797359440178,1.176950642603834,0.9005895376687488,0.895417272011411,1.613394022199696,1.7424722894544573,1.6853184856869066,1.8621286260094851,2.1764704453486496,2.151209221620059,2.5768923014205845,1.6823194649922026,1.3228303820785363,1.7598958251737193,0.5750323112405957,0.4951195273925422,87.38866538160289,93.73253005745032,71.59287799332574,39.219101940541385,41.59828032683824,96.20082051704097,97.78946298188716,0
0.6500827012945046,0.7515529789657253,0.768284484265304,0.8457359732053511,1.6513490086196612,1.6852550693994104,1.7496502780555032,1.8565641286936683,1.9935042938141252,2.376391103262274,2.407574345717538,1.4599916161885496,1.5388795915640956,1.2758812712250216,0.4893240353721976,0.4734860627257436,118.24554456157671,122.563401363554,65.50226041040457,38.824917886198264,41.82936377966144,61.308003240796175,57.57964110434411,0
0.7855959742364871,0.8771140621478144,0.7643049539711294,0.8136392842738266,1.824291137353201,1.6776427130218734,1.7909795351991864,1.7560233520147057,1.8967123356305378,2.783439286336105,2.7550412829969213,1.4458901042538694,2.0151308443462974,1.2548346697326254,0.6680160947383652,0.4820383134806136,99.17512253772384,120.55993201626927,66.99536455593012,39.367811534380586,42.855779636258745,74.1249540031985,60.318006650148774,0
0.557025239295949,1.362910022483884,1.3862291103304332,1.3582013309717362,1.527093574804077,2.206057223057362,2.3545916047349933,2.3666733203561208,1.6254252551679818,2.189683383382919,1.4819072667777937,0.6844535564048753,0.5117609397771201,0.5937467323269581,0.37075183325005495,0.6947832012310133,123.76083678417197,113.99531296778916,35.90658225084858,87.29998439501188,100.69525831294379,99.39938281979381,52.89601831993214,0
0.6718218370080532,1.2023651618138786,1.3115775200184532,1.3989250155792181,1.6536971273951573,2.05903933331358,2.29693152243567,2.4106243559192544,1.6071108970193428,2.214066802771169,1.2854303568111007,0.5715432794884342,0.5199501992373534,0.5716289625916783,0.3550524493020912,0.5505072494964027,121.45833899004822,110.19745083732238,30.6963082886969,90.42876423397014,93.65324052305846,105.01408054523388,68.38175769674395,0
0.9801270039479278,0.9012960904270608,0.9669178134910954,1.2309445742840683,2.059611691666531,1.7769799146967138,2.032603904665277,2.1511994049162477,1.5157788172528512,2.716123367214904,1.8405845344975775,1.130850076315264,1.3915286664335078,1.1510356571824978,0.5844751859056092,0.306493656708369,115.37431108092315,156.05162390595396,64.58063864400565,77.0696866818359,74.912816303502,103.31145733435864,133.21326160814868,0
1.0798458047260746,1.1478484498695376,0.7980672268188852,1.1493002928938367,2.163198732343647,2.052785752504392,1.8441141649446313,2.064407764536925,1.5608013606111322,2.736944243299963,1.3124028973178938,0.9727205644272683,0.8146469293175452,1.1028220416014476,0.7554893984274662,0.45923557327806963,150.1456514660071,165.20841300968797,64.37183587208808,87.12993158518815,73.76861254227558,129.80792916701412,143.2132590732788,0
0.28279820815650614,0.3600350637077256,1.272529210873608,1.2765082649780624,0.8893228056281379,1.3796890204761398,2.228678698367543,2.3056528433323913,1.6780063928269189,0.6540018728890928,0.7646258538177446,0.391656758356812,0.8314355598605458,0.426300635594301,0.2450141958926569,0.1780456773988757,150.00686802423033,13.458687134210868,29.308062051665324,131.75862167929492,116.20772001339648,134.0646228799913,73.74665809674663,0
0.27332334121101287,0.5812880131736691,1.2343198630346237,1.180131641445731,1.1346564342915888,1.6284066024822104,2.1776457876423336,2.220280062455029,1.9049859953111037,0.8919491625257455,0.814703103095778,0.4202443010176939,0.8002311543366245,0.4626299709872571,0.12492681140152391,0.30906046975554674,140.4488096766758,26.374591425485853,31.91989589558501,113.83415611991056,107.05919125811448,133.68808630324153,41.67927330358455,0
1.0588200278233035,0.9993518278864881,1.1745650050437777,1.1692572967821115,1.78343317866882,1.6332474490997548,2.180488282421079,2.1482751796449437,2.194970625391521,1.5133973628383628,1.8076086754041825,0.8868345128342231,0.7714378996213367,0.907138832557021,0.42695268658494945,0.4351873731526006,116.0984851356877,153.57884825148145,43.73662062714082,62.52200512133455,64.5978638518437,83.47656223756593,66.86036202401638,0
0.6743140544395402,0.3568065259158973,1.16539067969096,1.1352101125771525,1.5915678368834048,1.3128001372800902,2.2028716124557284,2.0980557309720878,1.826477497644183,1.5472441407053927,1.8650380809718845,0.919772598120441,0.8523729234859084,0.9812155271976044,0.23066702353267848,0.1466025438341006,116.57412737919105,127.26640899679313,45.522683687085525,61.62621625549308,64.39881876019659,27.878166602059387,63.945533229651886,0
1.0678727397478103,0.8606073408725059,0.6667865946171502,0.7925277231385456,1.44246658845729,1.6042406393366766,1.3570091163352482,1.3497832243575016,2.533680198970605,1.2636612836935577,2.1257713975000936,1.477001490902949,1.5781276719874817,1.3879313559233215,0.6548855249907997,0.9182883720194975,104.9919540006225,66.1881495752179,83.44258528206979,52.952081416841516,39.814450686450485,125.90943694612521,109.41589314094577,0
0.7282188651419416,0.44226866698235673,0.8876266043622919,0.9485835051585236,0.6293054734819193,1.3536744047139035,1.8242783884958367,2.009806600798998,1.7986647835095768,0.5759981197145605,1.1943548371478203,0.507213768724334,1.430450418183821,0.4278780416668792,0.3464181970801678,0.2766262120113356,127.49421138383781,25.359496941965823,44.918753231222524,97.47211442206593,89.37927691296345,125.61378932555107,138.89857956106727,0
0.7810764694627965,0.7742174713155627,0.9094071793291112,0.8363832911125687,1.7600017124625846,1.7588902095525094,1.8865259637279244,1.804896427331185,2.1353686027878904,2.0335442735542757,2.132402361023437,1.748843416841173,1.3669441399113296,1.117874449550195,0.4759472307727554,0.5320294393539047,148.25976917864588,150.82176224097068,70.21576082890255,41.80185313968337,40.56614528453694,116.54490945522913,71.40336701540224,0
0.9430481423182393,1.6516556091506165,1.4887708073460955,1.5723581580342092,1.1742254456935701,1.0893978160336546,2.34991427848961,2.738933747549935,1.019825700671463,0.9099875435161972,1.6837946888278614,1.1242515593520095,0.30063098925153414,1.1732387508508009,0.3726042732483987,0.8479485422236864,14.001276688890073,31.7334362508468,69.26374842727542,130.9315425620041,131.25580936199216,110.01643283400504,81.541337993412,0
1.2167956652522283,1.7290868399519521,1.5662840413186803,1.4811037450742806,1.5448195239153613,1.1090669013715264,2.38645368354742,2.656796753710309,0.8964118855842109,0.9203271610582571,1.382189149430888,1.2529241521879317,0.8448820837197283,1.4483205267665447,0.44208346875135573,0.8871882212717015,9.433339419178061,35.200474568371895,74.67443471032207,128.07333676852897,138.58170730232666,112.89773234232942,102.63780549225295,0
0.7514763286272209,0.9913841593042548,1.5512477410876129,0.7923613062227095,0.5551509986968994,0.5214609597807767,2.484041386232558,1.648867467633067,0.6341097175092115,0.5266749878364422,0.5304350141093735,0.9819262149814106,0.19543596555684792,1.4311164394140328,0.5880853548342648,0.28158126293094266,10.130189548487158,15.254788706813551,69.59875624791975,164.60619962659936,155.01951304991752,133.3670215147027,109.80005931445531,0
1.1198534103319704,0.7070054815084018,1.4291836274698981,1.4778408763562292,0.4844951168955244,0.6517111769687112,2.447846530167784,2.4259787060031064,1.238779445460139,1.0389223933310747,1.9370921809952901,1.0683123296804597,0.9224455433615611,1.1548553726280804,0.6143955875452712,0.529337493542158,38.53864219569099,25.993819162793116,57.03695365161056,95.12776057113511,84.82092231842762,51.11933031544256,108.64230628805761,0
1.2750427400424906,1.418765662226339,1.370998021354313,1.5914315837943693,1.861490588980008,1.9750440855265323,2.025359246975547,2.3961279519106036,1.4340329437852868,2.723006062495699,1.7471704887251123,1.1315568457460927,1.0514806615863672,0.9743051832076995,0.9949946479807301,1.0760380866730987,100.85874119848029,106.84936638444594,48.21382372608509,86.14109017605969,93.93741163460791,77.4083681604503,99.11578388528324,0
0.269479074377206,0.34041000406922584,1.2082452494359948,1.1447819910104828,1.1356996539261333,0.8119111592387506,2.2107111189101523,2.1175285053467077,0.711518521886667,1.2750776231392043,0.4885013679046432,0.2535246401209802,0.5888529230203884,0.31331307213372656,0.16406615033171443,0.1968569968473033,33.74985921055101,90.65727929184823,19.52838572496285,169.77594672827675,162.01879967566884,118.57446776855484,135.35687037491135,0
0.3369875446345494,0.33732388436983585,1.3588426565246998,1.262862118728623,1.3031569025473588,0.8023121312812941,2.364936865702445,2.234578891206032,0.7172807433144108,1.4370174411948609,0.5964520079925072,0.26409163146861947,0.7849756411601466,0.3641878495482199,0.20826546182957142,0.2576924641141221,29.353435405757846,130.1989063476774,21.353510818762487,161.35781082256472,157.38288324539596,106.07972790255539,139.55263010604017,0
1.0182092453063818,1.0226367585737075,1.5841160998658717,1.5277512925789622,0.9899449795268491,1.1175559073295065,2.5886090743272003,2.589568210599716,2.1403616931318608,1.8744672575538284,2.8243235142521828,1.316179586635831,2.319262278182868,1.2625195300192384,0.7761322699120226,0.6795221444902778,69.91183981946871,52.23668564918024,79.56846159507423,169.4636211429099,163.37461607695863,89.44240057656899,88.78379869831687,0
1.1969277021071467,1.1566642852301434,1.7193945597288123,1.6769099420168445,1.2806153842205195,1.3604037619628375,2.6861877046160862,2.765460657055737,2.359054164251228,2.2805904286385346,3.04227120375128,1.203900350534824,3.0852162244162216,1.1436398084183619,1.0079226658981595,0.7585128366554662,85.7601501127152,67.54433772310367,69.43392619784849,169.29504003090375,162.38113206389542,102.93165167889148,112.27686456583041,0
0.49868962312679427,0.29254920141917107,0.9419937475945188,0.8863813034337084,1.2710176753682374,1.1539812782290422,1.9376007145098562,1.7967875960067319,1.9432923517222624,1.9781321707964261,2.207560703924921,1.4384556673029452,1.940070092368951,1.679979903865947,0.3130109286657747,0.3311933463501094,76.82237061134994,77.79865378328743,72.19124084151038,51.673531244843694,50.72836721052409,37.835742949284466,61.19289399473201,0
0.787110086562326,1.4091407992130514,0.9993128926573339,1.0091563800096617,1.4921890471748611,1.5971920208671726,1.98296290690071,1.8583329605860162,1.2541635872744359,2.2359941383728366,1.88362318827467,1.6418648727000493,0.876481735967658,1.9657291342442755,0.5433669813977807,0.3687850355338488,71.31084000885735,87.94170116981942,77.5270219034285,55.78291145068657,52.1658784374946,107.45837554718398,94.5157825719263,0
0.4926878782733018,0.523325558116554,0.7759059516804605,0.7463922632451645,0.6641155406930755,0.5880713008114701,1.7535980676968015,1.6751594674753314,0.6184954528050625,0.6849391695977154,0.44906061774150746,0.3494246426702943,0.25701365478796234,0.2147567645759711,0.2949857123087373,0.31774505850817036,53.01087984335666,39.09100212893445,82.97552464466506,122.15471501312284,126.12585247334279,92.74508305683372,161.17765868258968,0
1.112907072419519,1.1860172495558645,1.3263632698949228,1.4032228838356664,2.0497470857098863,1.6878579089785375,2.387073842144745,2.205696389480372,1.5088900129334226,2.5675117654778723,1.7743299978272558,0.6073659383850561,1.5276398174671857,0.7176406443247823,0.6069890730901765,0.4162862825970955,92.30905896769153,124.74347828364886,41.35131188659226,166.13121576301762,156.60006285837235,121.99444634114964,164.74060502004403,0
1.1679218695665872,1.1897638486709394,1.6357629919610785,1.7572826548423643,1.7392855654377037,1.599603613987592,2.7267311238966974,2.6546789357179184,1.4157304446079733,2.2899944576200846,1.682564253573195,0.7056974693289356,1.189046114695144,0.8120591480238903,0.5596863314893883,0.6784245744975362,79.99872398935489,104.05361207759196,36.54551101210026,161.56412638029929,155.41304409466585,121.52314223836461,150.91594956897154,0
0.6274765361954435,0.3733370073319611,1.186351712859682,1.0023991126378604,1.421089281364084,0.8548065849858271,2.096651025088101,2.006862345398838,1.2307876236675799,1.0222757186061253,0.5723894299504448,0.67779046208966,0.2082288174791949,0.8145067269778309,0.2539103646833293,0.12073368802383619,59.713286297067526,93.98778083009292,50.86912577505244,78.14166990499938,83.3201850871288,87.90065374597408,102.48796186010144,0
0.8475911012737661,1.0422007611391306,1.0894055283207362,1.4376838584283662,1.0946930484499622,1.914828364187103,2.0770768994466384,2.4114551069966983,1.40794996233254,1.5197251606424953,1.714086926400716,1.2547863864228987,0.9879385574396535,1.54145532437077,0.42047861163369415,0.24628471660274034,109.77765746714368,82.37274955659832,59.64499938911747,72.92885305115598,61.9794236138601,55.835158234873894,86.11523815869495,0
0.47123184883036556,1.161809355268141,1.24800919072522,1.3849906603237885,1.4645819647904892,2.0077703331930223,2.234285475889329,2.3828985461584375,1.5138899095025025,2.164669760160408,1.939547982176624,0.9163106921405267,0.6640642250874653,1.0708184165661627,0.3281884396074005,0.43317678545068117,123.27403566229063,115.27065959286465,52.004139141062204,89.87684676270753,85.36119890431067,66.45840832446564,46.6436359865831,0
0.5640869401802063,0.9448317211566016,1.437568924276601,1.5287373630724501,0.786053420904218,0.5338393436864629,2.4046048609831643,2.5039482945176847,0.6770075597059657,0.5994493089980852,0.735094570271062,0.6214730017702458,0.22700757467394625,0.8466518264294797,0.38002713007160216,0.6087669602974963,29.08767185628343,26.723682043914415,43.471535746738795,160.8701273398111,159.92007654815615,111.51089052077928,114.03824282441748,0
0.30837792060919045,0.39877816664785815,1.576658213693005,1.704760063704027,1.058678137865215,1.027326406535359,2.3388835470470295,2.6128892226693394,1.4234593097311847,2.1196607388169544,2.531020228206375,1.9526413458374623,1.7936848078442496,2.380458279093306,0.8056423879566694,0.36666506012580413,70.21684731724044,65.83806917982211,104.2926838518414,152.12542677238847,169.46189610935514,28.273962566931655,40.524385933776976,0
0.4504822881501557,0.6325719749614466,0.8038787125004433,0.8386021126497764,1.3632392254461896,1.5673021311536497,1.7441487952984431,1.7818366991005763,1.217149504984115,1.8686792542675004,1.2473992761916313,0.9130380277993035,0.46921709743832835,0.7701582857959922,0.469534810481963,0.5047319056869167,29.847468624759614,119.09458272517595,53.96995643043334,55.57187311690248,50.79307595833092,28.220324918433153,77.26495674167505,0
0.858661034496959,0.5856522902038354,1.3554026222808757,1.210720770608763,0.5144539117776448,0.5981757015460517,2.1641312015721765,2.3047816786289235,1.0158270492738526,0.6223182995632996,1.0600812757324811,0.6918651941039627,1.0946059713954885,0.7416861860866615,0.5851537708290245,0.39342830327551354,28.06051186451291,22.101241202134325,38.838111262475316,156.19009326031295,148.99364364393932,153.64155355443307,135.2156032129354,0
1.3069456592181175,1.035273991299069,1.791522067554952,1.4349568406315285,1.3679302756257963,1.2897140929870037,2.727742623164913,2.3861507600169127,2.222901402908301,2.199116174136253,2.78108460779601,1.605856257342032,2.5755278077206514,2.0119245731037596,1.1087243500378583,0.8894310094086415,81.70004826853317,58.75347471718766,90.01158376310286,145.2502249839481,139.11497823112026,101.08904703844654,117.41809851159213,0
0.7219692848320316,0.9702081385767669,1.4755999847768007,1.5282271817979252,1.6755996562248459,1.9155930984493224,2.45010979579698,2.544802562893301,1.4492729365768382,2.284683837533649,1.58943907811382,0.9421447040352068,0.6654893288930631,0.8288708209065582,0.2272474063161802,0.21546823833640538,129.06426431245836,128.91736461071758,49.26524810337317,84.77454063440432,84.2821333243644,76.5029809887034,80.89566153046042,0
1.1043720902770697,0.9189850176505888,0.9407500052121441,0.8807898839941141,1.667000231451183,1.67804395414983,1.9598822792052042,1.8273207883145828,2.344285810605961,1.4510925117489333,1.8251084161325237,0.9350658834080187,1.1028582952898434,0.9612243129845297,0.5843548679796632,0.6634231135207048,117.43016628966555,148.23546667822276,44.520994378255054,50.0176585179161,45.842007626464856,143.0302617719961,87.29320128431561,0
1.150481099453647,1.6183302706843725,1.338641430473606,1.4239408117243277,1.325687423291203,1.927686741605785,2.0829888606867843,2.309279804853936,1.3817875803429935,1.8742722927956221,1.7755233726673378,1.189186820328046,0.0943882225387889,1.1357289691770283,0.7584951425405709,1.2329587107743882,55.477160415481,60.54031723587622,58.81179093100493,93.57414114910647,96.88520772346679,108.62630734553265,98.06343244391934,0
0.9827818035855563,0.7818760835799009,0.9132918020564927,1.6418737343235377,2.0782211499680088,1.493876906487114,2.0209571587907424,2.484637893701987,1.2796091551173305,2.3852398421567544,1.1122511914053095,1.1210387558068726,1.1376024106558567,1.2032418648121266,0.638413678267648,0.36930840663779646,102.39649179178227,143.1051271530028,61.41215090468981,135.21633469082406,100.2752264887252,122.4623790883731,164.45686876138097,0
1.0685714878056258,1.1393679318203818,0.9640647125808449,1.728875515514433,2.1605675902280606,2.0348308622611033,1.9997795483807206,2.6351470666361543,1.7002350462869251,2.5429092974255143,0.9137094650468628,1.317683914524283,0.5964434099276382,1.4072137453380245,0.6888744638190359,0.16041871416468237,152.2053733991138,164.0195072690255,74.98920967024114,131.19233515680622,98.78983585950698,140.60044863333601,153.2945161303378,0
1.2809298618631093,0.6742757201668803,1.87305396704838,1.9686996478289904,0.6063782369353512,0.9641634970658132,2.767675264801369,3.09328220265876,1.6328243373945295,1.2914382787527663,1.8490446833090268,0.5815925069218847,2.2338559740334127,0.6351308637085903,1.1304705866170506,0.7605513997414065,80.12616927564606,28.065673894822265,29.023402954776586,167.9373588407508,166.99591406774,124.48157551069768,167.56536823181648,0
1.1456367464344765,0.8449849237755295,1.8906381734173223,1.7887987032266826,0.6312317378778051,0.725410038042546,2.8570911960833705,2.8525611592643654,1.6724713082964198,1.5737842115558864,2.0829072150839645,0.8617928244965756,2.295356989022211,0.9307931694482812,1.0572312597469213,0.7989919512362433,64.82341470946949,35.50691038601524,49.30396844117526,151.70276319392326,160.0182584728056,131.22685023327583,165.75843946271837,0
0.8308968950924082,1.2388947254597582,0.675898271983001,0.6439744036859955,1.5155678553409309,1.9069033989012951,1.570439660722814,1.5874434399266417,1.4504100089350231,2.202168743623185,1.7584288869888995,1.4574194551509934,0.7161886987367169,0.8371293765073496,0.6746752416372808,0.8429090726525321,124.78179499647996,91.8570052338822,67.57384671224953,28.984347405590412,41.892556927755365,78.19665958848341,111.71479705652831,0
0.7059058294605609,0.45328420969658684,1.7470102295751375,1.9569144477824438,1.5759989145813198,0.6135114541447918,1.1643450061377063,1.4160111249482714,0.4483526782272249,1.7100486444084524,1.2378778105358708,0.8392981464931387,1.1534907508456596,1.0225391788445757,1.5757163438982393,1.2720107133629681,22.538162862127514,112.08867340887768,38.893741837430085,151.02668307163697,115.68789398946038,103.17925885032099,107.48617391109865,0
1.4045633655011447,1.333899355228739,0.9993617270091955,1.0808074778828054,2.1246492073322374,1.921596382078234,1.9520521459882008,2.1044595251967997,1.3371353563646393,3.1479999522257125,2.3080318840589724,0.979203758533672,1.5437112006300169,0.9477319943343261,0.8515624316505063,0.756150471475872,103.89335182265324,115.00078367911694,46.56180432645272,51.81743530985026,53.56071660773888,68.7499473226367,113.94066535600629,0
0.9578597075610803,0.8528048146110943,1.329849365325786,1.4170974020653915,0.8585455255419864,0.05540828599071242,2.4607048145702874,2.21478148254947,1.1042199055288688,1.9265235228083348,2.21361437198367,1.2990494462768138,1.9408252218527473,1.5479343907383056,0.7428000130245953,0.7020237478395445,25.6165394137805,53.773359705817356,87.80400037819318,164.17554124904095,162.90040121959674,118.73968822386797,153.3734568242359,0
0.5042054068452736,1.8244650411529049,1.2142239216869153,1.1593602969554901,1.2499649831686546,1.7555723550391122,2.1935638795853674,2.151440555899443,1.2990471558330141,1.7470923930943347,1.5545978106328957,1.2922954984630746,0.2279358885404471,1.315862200852256,0.31209149815002424,0.690169385445972,71.20692359608728,81.30859159746073,58.13534073914585,64.2655036074329,62.64200497413221,112.94231510502104,31.369911983937342,0
0.5326514455009114,0.618713789979738,1.1451198559612696,1.2264619745009722,1.170537241375842,1.1528133330878136,2.102388160160217,2.2099148018886283,1.5060743776093537,1.155921649787974,1.3969860037884614,0.46550729414742553,0.73535691127105,0.5775296949142529,0.33250250888186933,0.3526903302805258,78.36686189436202,44.832761015160756,26.243490177104924,75.85956463353828,67.16507696542834,63.7763111585021,79.67951083361865,0
0.5098297957960498,0.9133139450947044,1.4356254844576237,1.3997167837129683,0.6713214418273752,0.4177647858157072,2.3895858625229787,2.439127448376094,0.6057015903873976,0.5160507867729489,0.5608991637266002,0.3650487144637135,0.19490214292621513,0.36332501127266476,0.45036792927506475,0.5952789334629547,27.176498533782798,37.25664167030395,16.69286592352516,113.90093792754645,124.6594016031336,144.662228912452,104.26236439342824,0
1.273312977363201,1.6649512254675451,0.8970528879859495,1.0088777299865344,1.931980491444892,1.8579011419354106,1.8956256775714744,1.967986056884735,1.7019959390439974,2.3353220636508842,1.3999207427606977,0.706266502662857,0.7812786786127458,0.431688330228987,0.863922918158919,0.924132220006068,41.854544731207405,66.67381512134146,31.121996776790333,68.96213480740359,58.256851058722205,106.37279553687975,95.81881997210502,0
0.6964099170955234,1.0885501180674415,1.545926801973088,1.4238311655542768,0.7250715403364707,0.8887583448139218,2.629896469206214,2.378087299379477,1.1381326861848877,1.3403386957572663,2.1270839150196252,1.0956744833022256,0.8109820038086537,1.1275961022421377,0.5581710968333508,0.5904206089887943,17.66389959872664,57.557055492559954,71.43612266810347,140.85787741746356,147.69702164345185,93.57785951788043,45.51854443877334,0
0.4250121026263934,1.3380849408693816,1.7054035423409695,2.151687683210354,1.1658295901594395,1.9594218253103746,2.27615012997318,3.025323852743541,1.4996319119965038,1.6285090092825634,1.3935614972586312,2.002434104666314,0.8570463410651225,3.360446732352678,0.7128416822668298,0.307450409542419,130.58681210031634,97.0618610455904,110.27768236473706,172.49300855026974,174.9594386421567,133.64605029052265,36.22845771020086,0
0.850599825588723,1.590648119955263,1.4615213949565526,2.0979361495487048,1.827506236000242,2.2774864185784813,2.128112578719822,3.008153320383148,1.757563262952045,2.5357229455463988,1.8930336234981113,1.8255143556056592,0.6704673296643741,2.8811043658434166,1.0682223512656646,0.368313374120798,162.37531673893716,119.70298764809958,102.3592080543552,162.21262764472027,177.89714922738443,105.04577467894092,74.66381435073043,0
1.158156590021278,1.0173409825615096,1.0628312329589862,1.0270556839298297,2.139016847976583,1.9052073735430952,2.128314703233634,1.848355960203861,2.338575397308091,2.7369805342525835,2.627061144769268,1.6076426964764696,2.0341042066374757,1.2222373711422057,0.5733171116433875,0.6580834963527473,134.48043173188657,139.36302701069113,93.87318854487997,66.64134894682681,57.43497942120569,108.50292429360552,108.38557124661902,0
1.317812654374235,1.1422873252211916,1.0629184516488426,1.0576053089649133,2.242942533686359,1.9248092981999456,2.1576996975255276,1.8529255621381142,2.4209882139675596,2.9004892083070084,2.7801653280919765,1.5599192500378387,2.25400771479576,1.3345268852490286,0.6470783256930842,0.7315657313641081,120.78649810047622,132.74266351717515,95.53899856156313,66.7606705273366,65.45573875851218,108.40270815992238,122.10489431577132,0
1.2414048347984707,1.2024205915844164,1.3874126671972482,1.7744411529312683,0.9917176857227936,0.47792888100401015,1.2212487574406246,2.1709330265153954,0.8230223960144785,1.3330380569272504,1.55069920130463,0.6506617881847555,1.1950794295680252,0.3923583444793782,1.0391100958939812,1.1180030072449967,22.020806962139726,50.0900651682379,35.30453881056515,113.79261931721432,99.69089092932944,176.82423021533742,143.4586064639938,0
0.990503868219452,0.8323710663640824,1.4151860136049441,1.2931948257612949,0.7092988994909873,0.16267671289671276,2.5431342462289104,2.210655364560381,0.8526865799758768,1.505798982386484,1.7515707154924072,0.7069537772982557,1.5321599506179868,0.686380653840384,0.6794726233064853,0.6033255130414116,31.80941266944287,54.33486635980165,54.5058962421582,158.0429834652467,167.76980452255472,124.64097298914714,144.07591359644803,0
1.3745040011909162,1.2939528173643697,1.3658568540369989,1.3921650911615149,1.5068956792935333,1.6008900766514345,2.4141938738512234,2.1988117732270847,2.6503582612842105,2.295061869708154,3.1300559269225254,1.5821859392320667,2.6411694548708047,1.575549028847173,0.6959090648439716,0.9339797477000406,83.19945954127604,64.01566817346131,90.2725388356677,102.18512478174264,89.49815360150075,106.54323369918512,119.3043048181923,0
1.382739457581006,1.2313673884485075,1.3471555405228273,1.339093106755386,1.4867171421006642,1.3400944443232294,2.3673399866968565,2.187311814808738,2.2996236375448498,2.485455756434706,3.201781234855587,1.762937074573838,2.429640034856175,1.7223305798583728,0.6647920372271638,0.7315474092209843,74.57627876397407,66.47133079941833,97.9731576188635,107.16013328866167,91.88895833088623,101.33354978435978,115.50019719684957,0
0.7535899767957802,0.5208078921270431,1.4757138505051501,1.550472425198692,1.5432597153398102,1.4411576826136328,2.4389685121513924,2.5896484860675053,2.0235589251315043,1.886046243107946,2.1717939181570234,1.1132500821281082,1.582956341013263,1.0408035190935714,0.4058642747853602,0.1906147036857655,112.14640616687338,100.75940961417137,69.11855675030405,133.80549172944407,107.94763411325582,48.52842103264771,88.87983602593853,0
0.5168438406506115,0.6264521991399201,1.1205789570715101,1.6151426959860982,0.8585656925207322,1.1109676111653346,1.9225070507617814,2.699101749918773,1.444462397795666,0.4965381922265943,0.7745421436750994,0.28391778612042173,0.6661335119922431,0.37559458110519206,0.5561816289916537,0.5916764471201804,75.34300273136265,42.35947687899225,22.139283501490333,165.8997802370917,155.50316941441702,175.67388236160048,122.2431327427676,0
1.7444857730883108,0.9017030332761181,1.2159105807478843,1.263656225734526,2.350200990722996,1.5290530715672799,2.190590445973241,2.313641262293372,1.574090855838389,3.6268552594819603,3.2138189939411324,1.2703619163674178,2.8043539884791984,1.322122017010061,1.0404023091837613,0.3777164537465615,113.48518706352593,105.55876595589709,68.65248233015168,82.84514162952743,77.85589995015025,57.26574555589522,124.55155683468412,0
1.4568615371126794,1.8837686617316989,1.1807828634446513,1.3076938070815054,2.021724410467517,2.3869097162333843,2.0204711042974917,2.444791589380087,3.021945630569423,3.0192194780053003,3.5659379935207096,1.3720649317153624,3.2104816356745696,1.2709171329506534,0.9675679602774349,0.8188297302471667,108.38842384273089,111.2385010783336,69.15332353323097,61.824647493633066,58.14850692617503,130.98088651964093,120.76811565456065,0
1.0787611247447741,0.6464710388438012,1.8151621334492016,1.9318220903530632,0.9566725915869501,0.742916660508866,2.7143974818704364,3.0184771347377857,1.3230422751182318,1.3741152285887468,1.631775830790637,0.6658535976242296,1.3890306574346276,0.7712483596207365,0.9331815070203944,0.719910898489093,44.673011684256565,22.61433177393839,26.164791137965555,104.98767481824795,97.68278149963751,69.01946159978195,101.82504300835018,0
0.9024373846738936,0.5338694664227186,1.4217083147657532,1.3024842660665328,1.8093507651078922,1.4622957592100971,2.3586803674838515,2.278766512142057,1.9136407949147076,1.3803916176202198,0.8059715894227727,0.6204796543989999,0.3132871598940683,0.7169089899288834,0.4570170436749113,0.34320278014899713,111.92692545367528,126.36269511577778,57.52959219682921,145.30042201535286,135.1264562122008,95.1541891893617,145.1435968091159,0
0.4133005205170576,0.5466791867451303,1.2098487394289197,0.5289658280812409,1.350905663641212,1.589441067137196,2.1675769320776106,1.4546179115016356,1.9225339082661406,1.079434305359653,0.7536138040564464,0.9062912727761576,0.6581071039947096,1.271218617695102,0.0875749961309446,0.6517074766017608,142.2102046091492,99.68781074339867,77.68275883684166,61.35356322902728,109.5492790311169,100.32531803409128,65.76509164221453,0
0.4220678812786685,0.4928362832808962,1.18913885881737,0.6410527253036045,1.3736099521411969,1.528201767977261,2.149694179147599,1.641167361572886,1.8879585223692732,1.0902093465377454,0.7811933538525431,0.7832354606899394,0.5870460213214971,1.0784879865863444,0.11213423875005893,0.5037797217851515,142.5199154210079,101.63814358323735,63.20054710452576,67.27835546282188,104.66259364617437,85.5687905240368,59.54427065113575,0
1.2627016276374956,1.3905744777186553,0.8876878695834232,1.0423932916257463,2.147286569168113,2.099989337271974,1.8725244436524233,2.047113975533599,2.571561996929536,3.0763958702729446,3.0885059691296375,1.4945667826137121,2.7883933581925446,1.4818716435241948,0.8499195212069935,0.6475055575603137,107.62533482356366,124.3403348657099,70.73990734387475,54.341617735139316,48.02055967707626,121.29769893304179,120.25632857704944,0
0.9948140317977,1.1503242504769042,1.0738424394731476,1.2586132277058453,1.9279198064884948,2.041530425713591,2.0521281762837402,2.2837726420526043,2.1328476322922705,2.688420142608708,2.4741527485065546,1.2774586061903104,1.7658469544270219,1.3064143846740914,0.6004938157974224,0.5182413181749062,117.51603593914349,125.106366612625,60.40845569723772,66.21537745952988,60.25550306554171,88.41650717304107,88.26553486894217,0
1.4511231028752425,1.6747289601862625,1.1453132250057023,1.2119930741067075,1.7502092228148063,1.6902549053983353,1.9754357661408806,2.2723015976287955,2.1348016529100393,2.7599979475740515,2.9737743161298713,1.4320884591820695,2.382735751450099,1.5311361433744255,0.9331489084651315,0.7600520278913272,71.00496255050541,95.19737874290658,68.39294103189742,57.4277344761471,60.16297737831962,136.78441292506557,119.49798269525537,0
1.566070737793896,1.8175714289817906,1.225781229175188,1.2217935622588172,1.779714122861562,1.8977855158384427,2.0371942588263487,2.3503564628830267,2.376938333046424,2.657052300453216,2.915700990638483,1.3395014318896579,2.408953619645918,1.3366677854299467,0.9221886870397615,0.8596964306654783,80.19532666067303,89.68637548285881,65.36055981879377,59.27566610578433,63.99059246032304,138.33296804404347,132.1460451285384,0
0.9013981897838144,1.0757938634460402,1.4365549535750157,1.5240261249290568,0.13533636207450198,1.1840811623852836,2.2878351404825272,2.58304561157213,2.6259879908126256,1.521334263240658,2.913742641336157,1.2499480910893708,2.671349245155378,1.3808788209530476,0.74709684057233,1.0011010034693724,71.26174443447003,32.483405080430664,80.17150854370223,150.0992000496318,134.83541028600538,151.2363095842224,113.87513245734168,0
1.9901375152006362,2.7407037499477878,1.2447977764951643,1.1661597616060262,2.4330724952292315,3.2941306456806845,2.190360650699842,2.223953362181149,4.360977533459339,3.4823464026301143,4.325787022012603,1.1839527525052749,6.5307442485032245,1.033966069869167,1.244380908927374,1.4537825235881456,105.45425636354756,98.78552225979001,71.19171761376957,75.72443261077463,98.3408763278371,168.42887383346098,171.93883285398854,0
1.2494586860805101,1.0428265086790658,1.2723940075701532,1.5150960578031252,1.5571571932005162,0.7141819699350818,2.1827954658422306,2.618740451907023,0.895618113499645,0.9744978191215574,0.909974380495961,0.5284126768901817,0.7565224017456993,0.4988072798900177,0.6460265633453648,0.7055966357581935,34.884361814427926,61.584895340602934,25.60556309017031,77.47618923167839,68.65408522604086,85.5985210770773,88.39993926003537,0
0.715536926584331,0.8289369469178294,1.2070639171603479,1.3742853085543085,1.7020987443828919,1.7846753062479892,2.093816533138911,2.4127955249661923,2.189338333669409,2.381248094984429,2.5680833675187165,1.3263722148158086,1.7080424040609992,1.3223868202005526,0.5070457664470115,0.328760824073154,122.0858351675979,131.6482706284339,85.12387230250792,111.09247659847917,104.05008433353028,71.75298721845962,77.99804266890834,0
0.8329541480105234,0.9388653982193276,1.210790644749132,1.329454427471243,1.7462289132450846,1.812773014886612,2.094055808521097,2.367568856524456,2.1064769778807197,2.357659973364284,2.3831993756499856,1.260450847830363,1.5718703110883434,1.274048471323608,0.500298121719488,0.34295579173208723,111.71064484121078,124.78732663715851,79.85023078137762,102.57668247658103,100.74333205265641,81.69453810267002,87.87032601676445,0
1.9569036589106825,1.4085428832718898,1.0080313794985227,1.1385762273932507,2.228211041028893,1.9827113213024272,2.096707845851366,1.7683363062181772,3.0999447883206455,2.516998904320615,3.213663787648808,1.6332893475332795,2.6471318860364814,1.7770278149711562,0.9774688690626305,1.1616893947641111,110.29023295782015,91.39759460215168,69.36219920039693,58.18073733200715,45.60914208638476,139.85969901814642,125.67086812825735,0
2.1869853430190678,1.6335554314673586,1.1757220709123573,1.251973624576039,2.341598444297038,1.978842704292735,2.3019544731195993,1.8646295652656262,3.0083927033042825,2.5932539926473503,2.9536025510051824,1.6073870341636873,2.517599494230393,1.758640336817452,1.1066564756722885,1.1909031909238788,93.15585526491277,85.37324805323799,65.0475500865556,61.04220526446211,50.457923027897856,137.60845517203816,152.32070956160865,0
0.9886863369689898,2.0595261353995746,1.2825679937824148,1.2367719937346926,1.2177699898774617,1.9820796424663498,2.357106079978096,2.078054422557547,1.2686795494776486,1.150380158784397,1.0067118300018636,1.205848527694694,1.1869438184760768,1.1098951383511289,0.5245118331161087,0.6439291724548513,58.81970932368795,68.73998731237772,69.54107909554622,81.47274116518955,79.80029096340975,122.58867901397561,80.76481726443667,0
1.508618230915421,1.895090340243727,1.2188010921516006,1.1402510537886192,1.6253417524356533,2.0424273416823087,2.302664102477131,2.0250614477674724,1.4711080084941663,1.132440823315808,0.49259144851586406,1.2142478735716518,1.8963277573745783,0.9905885777572558,0.7399117246261576,0.6826771187613226,76.72937379075023,79.09720884289406,62.74977019946987,66.67355888795649,66.56244678954364,113.78251208352093,89.0184703409564,0
1.1110122675989893,1.091717391786023,1.3314067703008028,1.4006915257712218,0.7329114977646289,0.6544350763761166,2.5003368112497255,2.066994334663671,1.1933907004664313,1.2437085883899142,1.5509950910007115,0.9348237247527867,1.586976642361048,1.0646867426715079,0.5660483182417295,0.945931036240324,30.22560711429222,40.53072436039933,56.173301904323594,128.08221642424527,101.90004039496489,155.67152563535828,139.75682278208208,0
0.932688846833882,1.1825243047763532,1.1608063211650148,0.9828678157311793,1.8037844082018009,2.1513282509079192,2.0775765053459896,1.8386579203744928,3.178036316350592,2.3874673789580143,3.2071630979783654,2.338719479150029,3.252805526864631,2.1516135614956395,0.7233976566365694,1.0006362867055658,121.7665949520004,109.0289776136693,82.48496330870874,46.82239743370193,42.13142871177058,117.09094809764669,89.42483527607591,0
2.2724849628868955,1.8897537065597143,1.8151704159281803,1.2389215323734502,2.8044881260621057,1.9455859222058438,2.2985649193603463,2.3302268881614885,1.961344393531525,3.5620391167946006,3.0528782071475558,2.109570001082413,2.1990983730942713,1.78418234555282,1.9590786869775174,1.0347452574117857,78.45850571403531,103.29141352401444,35.35477419992806,42.277170763608275,38.51255580539811,124.60445979714876,144.6836629821619,0
0.8012851245607143,0.6952811968072621,1.8582066365010332,0.849202874475073,1.7555292295985334,1.7263997929848567,2.808183800430364,1.634975765280819,2.063566684508413,1.4533180306160811,0.7213644311165989,1.391266133776288,0.38791033190881585,2.0230984343822276,0.16464980713197952,0.771429334833812,148.05684296800743,145.64618654157135,94.89553287313689,174.51208372697837,153.06578403179665,118.50976034045289,120.26360633121249,0
0.760243519815879,0.7411349324050589,1.9421533924583554,0.7544218985182505,1.7174558382128258,1.7737254408364405,2.887529360273599,1.5620596605494357,2.0751593263725314,1.4533392285358264,0.7653395515683198,1.4374064949380596,0.4733859577355226,2.0690455398777052,0.18627408285207006,0.7929854863431085,156.06771272942817,153.6131667211097,95.93816616981542,178.6677868262432,154.3139456257806,136.21190358688023,141.31811582531674,0
0.7807866208631203,0.8753050620488255,0.8315566756371713,1.1293814569830514,1.7545249457591365,1.8979304130401018,1.7773093301161786,2.118156150171366,2.087226557931937,1.9781567615042948,1.7390104685419638,1.3186220439534384,1.2393456141015675,0.302949661329467,0.5025631202352031,0.5336905364548079,149.16720657205067,132.78532140801582,86.90809999558711,60.97390010723327,55.374596813926345,106.35736856385685,97.98309202025122,0
0.9841208420615669,1.1417382444227298,0.9055367305422581,1.1463053789827125,1.868189740977498,2.1154750887769698,1.8018270871126318,2.213120543318955,2.387467640611772,2.309842669257692,2.427808198234057,1.3911192969647252,2.024709369776816,0.5167487908351148,0.6199699706092099,0.5150974637479341,136.45178246342186,128.50996483111075,80.48452890538296,60.432015554470944,48.198765299162034,120.48951368942367,107.20590923775846,0
0.9787151049115912,1.097524487302627,1.5537803158259238,1.5360696186636795,1.8369909093344248,1.7531720999754503,2.5308018330144892,2.5648935517357474,1.5260440733433545,2.4946491834420796,2.018767910947229,0.7086877636710137,1.1022729201192458,0.6458609786895333,0.2988274516937092,0.3540256355991175,165.01594905179658,134.74847660636723,49.25010744577907,156.20298080688082,158.63745040965244,71.12671576181671,138.15421491359754,0
2.229153161242651,1.8128466051221244,1.0314959178552494,0.9517549111464375,2.939724786862092,2.84804112306673,1.8630582456656681,2.0295381457164523,3.2595009596084434,2.5572016213783955,0.9910245267891031,1.004390448882144,0.4016323313706335,0.5157500766353705,1.210863041484929,1.160097453152905,159.63067204178125,153.34927815850338,51.9292603818473,59.68695760943665,68.10219562774287,147.24053369945878,156.98875123210672,0
2.1975458293871637,2.690858195268607,1.6583753539833634,1.5429477210170741,2.9614329441111544,3.4686013300913343,2.557329298248374,2.6182715886082075,4.483181220507866,3.880595400140514,4.667213882833318,1.042526222046363,6.474244921248955,1.238532208755837,1.4769028320701445,1.2903259718692737,126.17874646071705,121.51673618925821,59.08453811366653,144.7485535832798,160.6476764766474,175.6955944215855,160.2677709305293,0
2.2927269206996677,2.8082077203197087,1.5733407332173184,1.5301051960575278,3.0939453690813674,3.5113799076072203,2.5159467696156868,2.5746575646793257,4.602704896557114,4.0816142930299435,4.801734674611246,1.0746241163493322,6.7330260668914,1.2590004065148834,1.454033046622393,1.3829303961971986,122.59882167889499,124.45656411167992,65.79562407050514,144.10337627985749,157.59671603301214,176.7540061674838,162.39888148277234,0
1.4472317242699373,0.35768972656540454,0.9186408540353285,1.6468265237160138,2.393521625242779,1.0786112096736697,1.9398402769703267,2.5984804656248106,1.134307417529461,2.7825190911556374,2.161583019337093,0.6292051283801503,2.387918612522796,1.0663886721699969,1.0359705800876287,0.39694805633245883,85.60522452526479,129.70371409400235,18.1927345307265,165.29407070892287,135.77854511412937,52.54273409124071,150.86795741531103,0
1.47075516849735,1.0203945310424218,1.3545416317283976,1.490973055669972,1.8199153525937788,1.739700339314709,2.306871301185615,2.531408718523561,2.420840850426231,1.5122675439703868,1.8954389034310137,1.2194485835358746,0.8504870293913974,1.3554870885966583,0.5647153614296435,0.7013565152485888,95.22834721498921,88.06072346312708,79.33335704369426,151.63042259229425,149.5752343058277,96.3663821652046,99.74004377454,0
1.23507850959143,1.103317316529182,1.2619098221245777,0.6867935908512132,1.88323451945038,2.1234609563623117,2.052179308831184,1.3480667526803765,2.777333034417379,1.4218447834447092,1.8481941533797643,1.912223050567016,1.0835802101302168,2.301309798495169,0.32753798687740293,1.1983529548310778,137.03522679822834,146.5150342061606,89.0542970247846,47.55718549796118,62.55968531795614,148.9891454052048,106.83291180705895,0
1.1755195242283365,1.1296159165247073,1.591580598649657,1.563715289720061,0.7475589726678236,0.838259755196709,2.7004176402211035,2.5220759977653247,2.0083357288541785,1.8436182977671385,2.8205668749866324,1.4571914709211131,2.2723640015366637,1.4172856562668972,0.8625103590523987,0.817041043390853,58.722328514247415,47.952534940849745,85.04111270362175,168.83638991217364,158.41262643058067,116.4421121860256,136.840185184595,0
0.9852977214342074,0.8534699415963758,1.416167515586475,1.3853168491797707,1.2054668768686216,0.3351501197453844,2.5615865878948876,2.226008667787466,1.3575190353952558,2.382625690151734,2.7048155704982544,1.283524562284772,2.4381306822108915,1.275911400470506,0.8885394349737882,0.6857419446704472,34.57496995996351,71.30275487998283,87.87472580369727,164.0816340335318,157.729084311579,102.42501458237047,131.47109473958184,0
1.1551193905748232,1.0475204746918834,1.1886758033465756,1.122285233564076,1.3078987615345694,0.38886266927459917,2.0468421380246236,2.07783718628998,0.9034448577064139,0.6985734289737427,1.2457059531378494,1.0595737511735699,0.45438662893855686,1.2087518746864718,0.5614072975157498,0.4385650760040355,25.651291735966737,27.246661425863085,65.65462802693396,106.01743957817875,68.91309977809054,118.17121893825156,104.02176566024755,0
0.9561715102775525,0.8374358886761849,0.9430419339430895,1.1182891353417417,1.792106302464621,1.793765033942685,1.8827994988368726,2.1352149068998383,2.313555460019423,2.0190118625456472,2.0810916866875715,1.5893681599161995,1.7237156678895753,0.9897097135683433,0.5338847234359652,0.3584224935949731,114.72503070358516,113.32993621837682,80.22883535877249,60.32091844849232,51.273684096038686,93.76463154661096,97.7408485808688,0
1.4511208880160693,1.5687066641947476,1.526677243363458,1.4608660771630226,1.27550763963821,1.3887862244963811,2.598407578250464,2.2964949698930397,1.0223416938180654,0.8148351693423025,1.0987596755537123,0.9692844329538512,0.973741259449236,0.9845839134313529,0.9692125045822111,0.6308779595784328,19.524922787052958,6.638515791480829,61.432773974180684,159.14966082109177,149.09910819034397,114.74565342579928,97.90394214504532,0
1.0795905878284902,0.7123316347397599,1.505429707163866,1.4590200574239314,0.5497622753327295,0.465958954184827,2.436229150165439,2.3906717172240928,0.899031808649621,0.6754918136811078,0.9578328545836502,0.5366379762777133,1.1093165649178582,0.5451668702766711,0.6661537875376852,0.6385319658656378,33.652854816117085,21.78263621645954,27.048270241711784,129.40305831340424,125.13501988670617,163.23705118756297,145.59824022945455,0
0.7531402128029046,0.9867067841780067,1.5924533087815547,1.5183983158880348,0.5490258357899701,0.4345790193930964,2.5807119074006977,2.471872964981397,0.5694697953094224,0.5505337785076309,0.6662707960214646,0.3612406779456544,0.23298475062102922,0.47087176407198894,0.5744365850487051,0.670804735182456,13.458580797762533,18.62023465619363,21.198135357427493,127.24530179186574,138.29949678463913,122.31967781141438,102.96205718654076,0
2.5242147022851538,0.7667037724316718,1.190076824732087,1.6539759986786269,2.1242633819862364,0.9405271746826628,1.9214045696990283,1.9420174024139167,1.177174155173736,1.0466549420707145,1.1283661159596345,1.70273667473218,1.1569705323029753,1.8497725345832239,1.565681681615662,0.873374051665616,53.923044043340575,39.32558699135855,89.82890851021841,113.0242075225836,94.20281808176236,78.42465269247452,148.99142093005474,1
0.7030960705547025,0.824147148155299,0.603273512148904,0.68138042276317,0.8306913814316241,0.8186930798952469,1.1946132442503863,1.455946220443844,1.2285328381987664,1.7393132341496091,2.0615757933939105,1.1375066177415794,1.543295064537255,0.9013438851092459,0.6130426973466923,0.6485483826584144,43.86464696197354,59.24681033037226,64.91548387688773,42.807242418225634,38.49211756159758,97.30112515158902,116.13363696318264,1
0.8585973905146919,0.9748451378611434,0.8027531482219542,0.8987538259292585,1.5661578138327208,1.549112609255639,1.3349334695483643,1.3302202584825569,1.3101020492109685,2.4152728653841495,1.9053596851598722,1.0608264264648175,1.3185952106317331,1.0458210352062896,0.908276027512704,0.9629581052681777,72.27776590089108,91.51521376323552,68.9613689097402,69.53683234366414,71.24938718487103,85.81563257509522,109.27931677836253,1
0.34395130978290517,0.28287441107604017,1.4115997903735504,1.2467923943456194,1.3553259326352096,1.2620191793789477,2.1431068997948373,1.9223799066283436,1.0236629947121219,2.1748282809662753,1.6665806817124253,0.9011995966394155,1.230400291970283,0.6052762482618275,0.675341210791572,0.6877240807601349,23.816381627470392,95.13208078598784,46.488484552669654,98.71592316255067,114.69014709325316,5.447011310939774,47.293472182919466,1
0.7353805401139069,0.9084312378469867,0.5153820273421954,0.5204960786761428,0.3492116774802857,0.48821540219156934,1.2516489256493584,1.4643665797444623,0.8265263035970621,0.9880888175572663,1.5099545662073228,0.9105000415238167,0.8598744681801868,0.6402122982771536,0.2974365897873842,0.35636441504127847,31.625439179902482,18.26948400363399,62.585389188127785,31.479118750964766,38.35599413757124,76.44547456838438,111.90021251592468,1
0.7080642273461326,1.2830661298431854,0.6654002681426464,0.7112303981023973,0.9051583514440733,0.6011632062376054,1.210554522640374,1.618213744997941,0.8999132340548133,0.6900451082390674,1.452941359337807,1.2046369428977526,0.10401193076448086,0.8968919019967323,0.6489725879154142,0.5426496927469218,25.938363244873766,16.594426526731596,73.5599178965746,45.15251952918776,50.406844378481054,93.84430973817852,80.69399668696353,1
1.1000061180635792,1.5940070270127722,1.9054062303867334,2.02993795599718,1.0764078670603547,2.220471775464336,1.8792219512202184,1.8199673657270334,1.5824715935895755,2.1245735078213106,1.6738221963384683,1.0071440201379669,1.4168609239097083,0.7257555025731666,1.2621225104564164,1.9889031097649543,86.21743207858408,64.12154736448235,41.51919337522028,152.56391370564467,129.5472611692278,112.13624572830187,113.08170139900444,1
0.42394417325583605,0.9490822639511959,1.1613071594684112,1.2177686654122168,0.7396539114795714,0.3990386921538169,1.899172880734949,1.8534453502617843,0.43409634042577044,0.782001698604472,0.7151956868069088,0.7594808103450469,0.5098926602218673,0.6149249855754255,0.6172469871165676,0.7683155574777645,13.873474967330862,3.5432013696012663,44.73470953509476,91.21511376352606,76.07381229638159,116.96689459507803,37.53036497836794,1
0.64207966141492,0.16465309521006424,0.7337628760958059,0.6626002572743275,1.2528833687419778,1.0971250775692798,1.353860097443021,1.2225858718990712,1.3610117892345823,1.06427681836128,0.7408709710391709,0.8839082724147853,0.15607162170019456,0.8121950070535068,0.7435491113542237,0.6012772212910289,87.35714802340271,51.13564380567588,70.16484941411785,63.626718285873814,66.71000015025018,32.49070105589367,58.485953686486056,1
0.9672656321360479,0.7383443885093015,0.9557635602162238,0.8047367131575301,1.1612531296714963,1.3515549626352137,1.360615316512168,1.2408813165012127,1.131675087233951,0.8911010729824543,0.597133229414455,1.308330527673496,0.6629006590146245,0.9786161128295451,0.8564579741418722,0.8232302369259394,79.90037810630206,45.30053076808174,88.2673705575672,77.53809400647901,84.75384017228208,85.68668817618155,79.56064822922059,1
0.6780759363230923,0.6609317462095148,1.1890296477535347,1.3461641452110653,1.4532504916452567,1.3821579855261235,1.6096336724744875,2.190941626026931,1.7711349600380153,1.5514311642726433,1.6213518495938914,1.176999803748571,0.9055728925027238,0.6360530669226087,0.9391811378985276,0.894515275044656,83.96950174895511,82.6052148430617,55.375446989771156,96.72230110462665,73.87253892706647,91.81982121507355,79.9860064069953,1
1.5238128976394443,1.3710968216510286,0.5520162994226421,1.7535650988811282,2.1409681175035695,1.5559257748238755,1.2351198451884668,1.5601428902372816,1.7710712256604413,1.9534081206464498,0.6272193264249231,1.470800357793754,0.5320010352627205,2.2637778947380327,0.9879493109036143,1.645816701055316,71.36311886127456,91.41973977278707,99.79038099018257,160.32619163403024,59.416191852371924,150.0622670001435,155.56889304570737,1
0.8410748264402659,0.48081328093964515,1.5032913566171,1.5728049521487055,1.2065135487982046,1.3402199344294694,2.1254138448833952,2.404113028951581,1.9731895388863137,1.3392515421178135,1.5279389680418827,0.8664361231160371,1.6577890515218208,0.6026716034840544,1.0671566667102146,0.7700629779324728,101.61548218846877,61.29204355941666,48.209141589214134,104.95187940934822,103.48701360735103,109.36720820316401,127.98078272945105,1
1.0461722887615648,0.7729934843278257,0.9229849757151087,1.357162174600958,1.7378124940713309,1.298870584310479,1.3224889848080277,2.0821164718829004,2.3105418953112475,2.3173896596253116,2.7087921146292997,1.4786366877724888,2.7909335026531688,0.5574801585759911,1.2094472008561294,0.6997199909323526,83.54789573903167,89.79458325989432,72.36430160466038,81.7884063549213,56.318313090379206,121.34271208770144,112.52699129014745,1
0.7667687179425235,0.6946076780507043,0.6960191797298353,0.5884041977089615,1.0024675599685136,0.7672185495353017,1.4964445482011903,1.2149854378291862,1.0989025496079103,1.2281166136700101,1.398495324919394,1.6747703193874095,0.8104466806826355,0.5429130101725261,0.6904043759572746,0.5424525095377719,43.772065279970356,49.21926365011144,126.13937842814055,59.88026290245514,36.14501526431737,107.45023352436273,101.32282247862503,1
0.7919262680747109,1.716004946072476,1.170214263269588,1.0096770107709265,0.8093259163331055,1.1976386933081615,1.869149072000255,1.9674897347868143,0.9286352341682099,1.153102327103293,1.0822385580813494,1.5012220850207296,0.1466243565144736,0.925489952429094,0.7996256432123402,1.01648984711026,21.87086626396732,24.02053907111719,83.30046840543959,68.1145803098191,75.24267115743432,141.53129513633837,93.4437830014859,1
0.5029796758857444,1.049733112196773,0.7768618709150433,0.9494032663556476,0.6727502483340468,1.0616390323982454,1.5012879198606395,1.5731300651515898,0.8664347699777954,1.356620443809719,1.5680651745106167,0.9537597714424271,0.6294726036455035,1.1261737908823641,0.5128692605201272,0.8406911171559436,17.21923451330455,40.488380063353866,92.20836040207615,137.25935566612154,98.73967626670762,80.57909341576294,48.720278570899374,1
0.9521267650231766,0.8515427629137191,0.816289626784311,0.564764402682267,1.2927666120969132,0.7968371945126469,1.6288845097959692,1.0718598721693078,1.4058982821712471,2.1215557890492858,2.362282981083483,2.541711083842483,1.885928001733368,0.7810362410574093,0.787317761309472,0.6318043560077831,53.96327840883909,76.90500406413298,135.1234455844351,62.59253732893234,25.668988729533773,106.7299386779697,126.01021806966625,1
0.5667173809970343,1.3160775311695114,0.923971820133939,1.2092249215721198,0.45842800217973645,1.0397702022377078,1.6002875250056507,1.8348496944145838,0.9150040035528719,1.1775407959612316,1.7551787408617918,1.1323760072006934,0.5674326848130171,1.4359020310087007,0.4955881035103444,0.9766042192628318,20.971119992588676,30.175578931841024,88.2720889813268,147.23434268729437,99.74900093655668,94.36206965530675,59.53068458039648,1
1.0457479846242783,0.9719419380322016,1.277937980918458,1.0707415624340635,2.0621066676811894,1.8949367526515413,2.2477303496700802,1.8252207987100026,1.9958597231812485,2.1237705059081344,1.0264898474216375,1.2200688306497292,0.7646520761316729,1.368432840389345,0.6545517926435827,0.8106221588664829,153.18860794326355,148.976781786135,78.49247916628683,153.32431062802095,93.34714195141441,153.89236953419774,139.53991481727135,1
1.4282813563061798,0.9051089717498279,0.9210767283579914,1.0583885529084436,1.2955396626037308,0.5557086187528082,1.7830151590122023,2.050038336229495,0.5454613067519841,0.8681969207375407,0.9004275010090992,1.0177204143895626,0.7507999582930023,0.8592466235630175,0.6478628473032982,0.5440644786943003,9.91530382578121,23.247052761738868,81.68912664484019,79.39485588389914,80.65890323601514,78.49235251732485,113.09629001770868,1
1.0049935249025583,0.8875172809920014,1.4602622642432692,1.1766097262448019,2.008208274613371,1.867408938312662,2.2503968971198787,1.8402201733930035,1.9362383117722848,2.1205658093461013,0.9190570084609329,1.5111357704485384,0.7829282490213288,1.8090208137443446,0.8571956343236866,0.8132979994612918,167.49490540998087,145.64891151680746,76.81713661064067,142.84375074673218,94.26296290423676,144.1649924261272,124.4209613694936,1
1.6348884074845649,1.4215417766572473,1.2620591254576323,1.2804886715587083,2.32198701328767,2.023828024701687,1.1962408192632548,1.1795091965155737,1.51253977432333,3.346252315655869,2.1826702926182304,1.37053932557519,1.7542955459276972,1.5755740145649604,1.5995649430989987,1.421558017776423,99.97012152893647,111.85032974643,66.5420869442239,90.94229211887983,97.25878590602004,112.5263262732225,156.26670808574218,1
1.7522076263195467,1.200338646850702,1.0288581858912713,1.233801730928014,1.6385080610198461,0.6416215655555182,1.8299283439728447,2.283647627465741,0.8039253271174612,0.8822938238222555,1.3763567809208563,1.3400645965519313,0.8370378610226156,0.9164476552762544,0.9073710842980529,0.7316940422863646,14.47458577843595,29.9848020540578,83.17673663289706,77.69292643722541,81.82847881010065,93.5030339343854,119.47549325775081,1
0.9005430909025973,0.9037007821420059,2.8853531059791933,2.945855377152713,1.8821539551002544,1.8679922099220085,3.4564328988428117,3.574712267051188,1.8797779155653798,1.954606439796637,0.5904401590068505,0.2934176408443723,0.7254153991352139,0.5679747424692636,1.3924642552766937,1.4324025443760893,150.4615053218975,152.54328919015282,10.715183527157766,162.46618457690298,161.7172799366505,165.31024031676517,154.84381316374282,1
1.8753211082996253,1.5334078995915583,1.204807610250405,1.3173810250524214,2.6350078469455553,2.0971016115490517,1.400191334157761,1.4950463923742021,1.3874980776895665,3.8991779046822757,2.572193136579947,1.81538033684955,2.1226845788659965,2.205819245568359,1.6822907904107018,1.2584316259728183,91.67340592183928,115.88276156772427,87.47729626812168,91.21360420312799,91.72150332659906,104.55285195046744,152.65005766297816,1
0.9147839114133156,0.4292566776039395,0.9810692553760582,1.3337551698963788,0.6824601238512255,0.8624748006015182,1.5560847719305715,1.8709173126121685,1.0872102795817904,0.6698560786989779,1.191466333889251,0.41080161280520605,0.4497359810650803,0.17804863070068508,0.600791573568911,0.851112787559034,23.668540017171846,21.047976201440118,25.462170860300112,84.09535281257405,75.53634475374842,67.78453201208322,79.17449939347793,1
0.8873093352736781,0.9208978943534203,3.7751617181628805,4.0040623814552925,1.8762495957593577,1.8386555893584082,4.38588849766911,4.600047241645548,1.8826883001803238,1.972021482666852,0.8059088271715147,0.3872894417890955,0.9343206917070109,0.7991177993100882,1.75709697981709,1.9272353167096958,135.6095061978324,138.62381033000608,10.266359630445644,166.99452455838545,166.97724686170423,149.5257263867863,141.62519016926765,1
0.6518730722117582,0.5049147433660893,0.8161098687328785,0.76753647615803,1.6573966271092007,1.362222664006836,1.7427110840957627,1.5751629128182714,1.6644567592745108,1.802132649441168,1.1028233568604184,0.8751987185044281,1.327109390381624,0.555939456038156,0.5853143398264112,0.6033398164106448,88.58069359478196,106.07552343057188,84.05458222684925,98.54343766420418,99.40920574935137,78.48990579683039,105.5321019181156,1
0.51260583122903,0.6421272152872753,1.0357378031488214,0.529555723027312,1.0049685902231282,0.29942381721264877,1.1154607292757446,1.0885078349795005,0.4111311739158514,1.583917218912292,1.4095556268455887,1.2784840532196675,1.2894940350717503,1.5827711636932202,0.9738255803222882,0.2994837929673629,5.657901213634571,66.5658801203936,100.43249462120482,66.50009396748133,116.95484847581318,123.59998823468128,129.66797292775945,1
0.7065512776246229,0.8255950127082639,1.1184182241796758,0.9090931304808492,0.474623951530084,1.3370899485363097,2.029962669103546,1.6525194809533246,0.8116587903407027,0.9309838215735854,0.5859978411182104,0.5710028436349156,0.4464889080412761,0.3110807848836355,0.5204226702546809,0.8048985541188253,64.71579319686211,39.93318885721369,47.028274597642145,95.53211198262866,100.19767690850085,108.75209027014361,66.26626549391949,1
0.811344999245235,0.48095161710911566,1.1623901818012325,2.2631425975401367,0.6325071862879478,0.5549172254143272,1.430881973942055,2.264754579473688,1.0108278124493288,1.173547606563933,1.5882912875963628,0.5829704869531965,1.047688081787352,0.5478728889010173,0.8388887323226385,1.2229523264781572,19.339947446158046,43.10698805652754,24.86942988259961,121.8588064115314,90.20092836190867,51.238979474651586,74.29838743043324,1
0.6148122013033414,0.738765547414147,0.9523174819861823,0.9411375945730418,1.6615807242193512,1.5024329816814508,1.8332215595465042,1.6833878485447584,1.614116510698078,1.7761153813398316,1.3889945385563087,0.8645506682408469,0.7416151960496532,0.33229978114859293,0.6526684350534595,0.7257416482116432,95.26366370693374,107.32284012295484,68.21055108457439,99.67328943481537,87.93327614746097,83.89571703908888,75.49629502883943,1
0.42189356248599114,0.7640442860185707,0.7236292813109908,0.74040086028461,0.8281814167407512,1.426427303279595,1.580967582781588,1.4703203221843277,1.01162866258845,1.2563820913513153,0.685905753122121,0.6895262634869551,0.24867372584153308,0.6114670976115442,0.49574699857845833,0.7354922761670128,74.72582842635794,51.1868945421538,62.42786707671624,76.6626493868776,59.687293283958994,95.07109780598492,48.501735647408545,1
0.7593553750662625,1.4048294953878884,1.1000926971633707,0.9797514861891539,1.7030320334159108,2.31238673996551,1.723115604739188,1.6650524684481767,2.7785343072081834,1.9685002388205795,2.018462976629596,0.8054419594164862,2.184349620490762,0.32333956228764554,0.7867417493520455,1.0654118717910679,129.56869882533684,153.9320987755842,70.95077376845337,108.2656630386956,172.45760229492444,156.371433835066,117.98749302930598,1
0.3057205829384247,0.757159474963846,0.9260698213127421,1.0957523633662853,1.308284314687091,1.5259411932537807,1.4257307227098956,1.5663228439162895,1.8973348403909163,1.7672976322927167,1.8197610911527868,1.0355395368369433,1.8802693905254313,0.9574546814076235,0.7860577551719327,1.0587365115125054,63.889461396992985,94.83065211468248,61.662466698156955,76.49945423844039,72.56253671743112,69.98029662706155,61.6319514996701,1
1.1577052538572479,2.2896612442047495,2.1762769506128015,1.7380018383923526,1.1383254435668653,2.1332672499845318,2.6204247175572775,2.447543987917011,1.9095177408409798,0.7045064945384046,1.4535511477167193,1.932771217840684,1.6738995035726763,1.8954746606672788,1.0252485132415694,1.5001129723932176,40.04964616683068,9.724623636690234,53.75061118285513,117.6412047903749,82.8018083263561,119.30114592270652,74.4404875163144,1
1.2343699543842126,1.1212700296356886,1.2213887286479173,1.0878769272502364,0.6382949881372743,0.7438653022426557,2.361654637400638,1.7785749971497276,0.572121703186047,0.8685025029007949,0.7066237267367731,0.6655624015150802,0.22490105617582945,0.5682881030741462,0.6948851202201951,0.7740822907326701,36.051831076029735,24.210225979731817,43.36552761772422,95.49460676868564,93.29375788077124,130.42094380432036,130.3229910494896,1
0.8106793298311956,0.46244133495730233,1.17936254339922,1.4608436344456495,1.2014833754997476,1.4902659284739146,1.3933089872204665,1.5542190240500724,2.190816760291516,2.0297657576281796,2.422476457736614,1.4319565379288806,2.5051915360156487,1.3440845951694653,0.7232792071038853,1.2436631846039436,82.52424820177058,70.5941703657754,62.25672338018678,89.16353539292201,86.1405148117794,43.659960360386805,98.07707662083926,1
0.783120260099421,1.4559939481662476,1.3010863505237211,1.2946940568755643,0.8265118802265682,1.8848835364156697,2.1197239245791017,1.9481096044428838,1.648484304977774,0.8299790650270442,0.8827895426908252,1.0149157050005544,1.1451349899359025,1.0233980113163785,0.6604191891540689,1.0616296605745819,62.84208995909345,22.197943332178028,65.28060261954053,134.74051560570945,101.35718690966598,108.26650117851707,72.18056628088966,1
0.9416808899986422,1.5730838468253194,1.9203081674811215,2.6956241530476417,0.7678892500876016,1.8272068191996274,1.7952571987776549,3.000755819036707,0.7943059708725361,1.3158380851713838,1.4438465231943798,3.5964301998592405,0.5965603642513496,5.333813143223316,0.9188061226180223,0.9690406786953213,64.73682653651855,19.3395185512226,146.37987450205412,167.75580044715736,150.20092288718152,107.96037362024094,117.98636045689004,1
1.3634881184884706,0.9215806896071742,1.1084533745146135,1.0785828561807103,1.5976614500532917,1.6288924382647898,1.9885846186969522,1.7415409373230348,1.737278117536515,1.696259585463726,1.33861722529208,0.9865455827820709,0.4489179853946208,0.7320339837818067,1.0643800888989745,1.002299146539639,81.86658510549407,76.63462624023,57.09524701086639,75.61645756855505,77.55599924821087,93.97090129169831,143.86683864364696,1
1.1648323372001295,1.053104688993694,1.6375892734382964,1.2685213880385875,2.2440673264873103,1.9515331290328766,1.8566865442831888,1.5714326262114282,1.970395703197635,2.603921791200793,1.59324578674877,1.6275429252508464,1.2446788781861413,1.4357644542152574,1.5171857832933557,1.2428119717026171,151.88961438515773,156.4811710113592,39.14266251675115,90.06478877373414,59.64304288689137,132.5261006823348,139.68341980266285,1
0.9204884678335183,1.2848187463836571,1.2279448589850568,1.180437471151314,1.5203372819466265,2.008986380535846,1.7689502741240477,1.8019766938533,2.6418444792852056,2.2839085079332624,2.397793694258578,1.2833764778293777,3.1316040126555325,0.9018271680892183,0.5940015357525501,1.2719695288358956,89.89990515098792,99.39229296849929,64.9134161908431,76.63649429648574,89.10185489949939,115.17112181405619,107.64740931938121,1
1.1346423990162768,1.5213004749344643,0.6228062497296846,0.9608653575378503,0.9245786525260314,1.3749467762041074,1.387784514451089,1.6156052297652597,0.8482799662594744,1.105276870860822,1.7386454619488425,1.455514320083302,0.299026962393135,0.620329604878579,0.6597926106333989,1.0959303513565959,20.85049151997957,17.33811832936045,76.80129123082465,59.69339258286848,41.919740037927795,97.36748394027803,89.6447013537827,1
0.9944482986103872,1.0030300060147,1.9742889776433075,1.9398610182143998,1.245836447019803,1.3912985890443097,2.1164833702614847,1.9045338407173154,1.8724126467776772,1.2935302746548203,1.4501193542978177,0.9633238555938854,1.1954440836453326,0.5598359473243759,1.475091616906041,1.6063421194534495,81.96530223573723,67.35038571253206,36.02090874891779,125.43907170931779,119.83859743651742,159.5847637135928,135.25601385571673,1
0.9301296045183276,0.8467252114219938,1.2474618579671846,1.1959418460831472,0.8147646071488766,0.848119907159122,1.7780637986193821,1.6835589773683486,1.4798049821217436,1.220996225739107,1.8528803428699425,0.8639184077151869,1.3754862758183988,0.6231859467208879,0.9633006989340189,0.9214772488527849,61.196886688969784,42.57569969749718,64.21550226294693,124.32925049693189,114.44405041924924,112.2461086622189,122.22310275757009,1
1.0574062596273084,0.8999722183509657,0.8859633136816165,0.9996342208316195,1.137691809260937,0.9969369792106936,1.4453999648957592,1.5791970234912744,1.6918103439633336,1.6699074328238042,1.9692491128170229,1.214556169674871,1.5779334016937603,0.4491598226286879,0.956818301239462,0.8549194571624974,60.07017590027365,61.66883150806186,75.57663979996386,78.213232334296,64.85358123720941,129.42926651300976,133.66169053920422,1
0.672165098862576,1.1254484284637463,0.7162205669383254,0.83190058285673,1.5191207523846166,1.686868818849343,1.2515639806347383,1.3758936857118689,1.222370806924603,2.486412437001534,1.9206178779592384,1.2175884374560122,1.0375205466417814,1.0875324504102781,0.8710989735588764,1.0054858735213583,80.0310537677411,107.50642047699213,71.08896446775948,54.89510090981814,54.064994382066516,83.05102236668502,87.1472887455059,1
0.8605916897871373,1.4210103920374053,0.7750179109897654,0.6937812795389207,1.6395831063313717,1.9033771244030124,1.0016155352091625,1.1213834717638325,1.2959854118355572,2.4516672290730823,1.5685893080266873,1.2722158773677825,0.7051029853031481,1.284053820503801,1.1033337716650062,1.138898597204415,87.88906830107986,104.6395123456378,76.15660222096359,51.781028175909356,60.44965711582147,101.43524220670403,103.41734167307638,1
1.0452330272576449,0.8508513602043881,1.5421688712845196,1.4836023500422821,1.425515726510491,1.0971166165893553,1.7533830017106726,1.3970329989885741,1.4494556923246618,1.6987905400961847,1.7727206519167187,0.8113322352366261,1.1032623901964076,0.8255208965513274,1.3989240081649617,1.24207576618088,74.91895596476171,85.90869721227132,56.090227555736654,163.68646379303777,167.05333884415754,125.4787524823603,117.72308542299041,1
0.7109862605893145,0.6930672129525544,0.668920886738006,0.7510578379485378,0.40125239789187056,0.5556301712535453,1.3431637262454952,1.79141432228434,0.709247943357386,0.6020069291042428,0.860702992421851,0.20659462303522977,0.5923012591387061,0.35483589706522156,0.2093340148606331,0.2899008732692136,27.868449822057748,14.99714666021425,27.029728573904872,71.4775649102191,75.12232236299299,95.97469696281273,151.93910316338696,1
1.3472076361958576,1.5337871027978047,1.1303727971084252,1.7062993387308698,1.6466275516876179,1.0378606074826604,1.514645514146881,2.4818458471734717,0.9103000173427559,0.803145194160171,1.1312473281712656,0.9801272246174493,0.9381737241673049,0.3743521929233089,0.8976514618467589,1.3142147832743354,30.98862117090952,50.1836957301326,56.14415429238383,106.76524470157037,79.40247993723302,134.58869047345095,103.28525650763898,1
0.8392218670697558,1.4445040570794514,0.7555417416591024,0.877276437409465,1.0738578105077474,1.8016439135103584,1.2465254546700562,1.4637578918581577,1.660260097020423,1.3896491334588856,1.0940818656297198,0.944822505941111,0.6633287786765865,0.15342603783548472,0.7627091124679596,1.2229588691615674,78.32205471655332,36.014488849178356,60.95261764176835,67.19686237243309,56.41711281761178,114.06549218961048,96.25151338240514,1
1.0226035726764222,1.4650681072189773,1.11927519854626,1.0301765694492844,0.26760321743664345,1.2442619898554514,1.7840716372521495,1.421160501512748,2.008448862900715,0.8215306114237023,1.92354657900742,1.063631422849007,1.8350594452678373,0.7815175869406248,0.47622418219651125,0.4065908915404861,50.79790233219192,29.615239120520936,35.26186413123535,69.69841809801865,59.585576805360155,155.63490086201276,100.60665803264902,1
1.2466116031176313,0.908570064966241,1.6166834536648538,1.1364569930396566,2.188324348469573,1.8908387193765823,2.1509604665358006,1.869376621445004,2.250852489547181,2.5165217536859332,2.059865454630816,1.1769669046122884,2.01580109726953,1.4295225498023383,1.375788849250091,0.9031031387121342,158.99942777180107,133.19072344625425,72.04057914832777,154.1413723378548,159.01030561990567,130.50570276925103,143.32495508893243,1
0.886780528928677,0.6718568965152307,1.1265874572593788,1.1515037262883,0.8007768991678487,1.5606755684803173,1.4074937403513748,1.4927335918560891,2.171664560554668,1.6082564896915514,2.3396033691328344,1.328241705205367,2.6038931866960624,0.9084498376250698,0.45804693088218634,1.0867868616031775,99.15964962766307,73.96958086467127,81.14101184492507,153.23305157145728,75.17442776560333,73.19262722972869,107.30143102227746,1
0.612221040545116,0.7937885684679977,1.0052981389454292,1.5714813705546777,0.9049594221021152,1.8340014016014028,1.5522742491098172,1.894440892966825,2.3714685265923836,1.464783675346753,1.9935252767156764,1.8220213257961404,2.3899994536935836,2.3970187194369315,0.7276085851516151,1.3321942150564592,121.09620436478332,90.177532017422,118.81412036709422,139.86640441767113,175.98530658175383,114.198021421013,92.24608040985586,1
0.8460806621686464,1.0893880032369632,0.8387561764713953,1.1427797541236948,1.4673683638383501,2.0962500667783037,0.9452853539016514,1.2040430440136576,2.5380825119152886,1.1564367818562022,1.139401434829303,0.8923764331201819,1.5377443132871322,1.273852880812755,1.009419459983489,1.3942261267788494,139.66404187435754,84.85673241266537,85.43932312400102,169.89148228947056,157.8806794956026,138.2536843599921,137.82748942781572,1
0.9690353834556508,0.8122820051555443,0.6283692455226098,0.5403365276602788,1.4275349962119885,0.7738042032889925,1.4896179066926325,1.029933114155281,0.8188212247695988,2.2763258635470702,2.0084067337475635,1.5658448150320134,1.6780456678058902,0.78850993004648,0.8789885041033183,0.6137725079660133,39.62446131007282,88.82160474955022,98.79339907619641,55.188694238753435,38.1357272110247,121.62250658954828,149.70209680595616,1
1.0594705352672682,0.8686909042196118,1.644470212575161,1.4694019743214588,1.6549984553050923,1.9383691116914004,2.399685118267225,2.4455112175464953,2.6613578546661176,2.051021001225906,2.3380919199068644,1.165853824486986,2.4342590890045357,1.1582339363256233,1.0481588372620845,0.6567762971038362,166.49111200228188,100.41420797492373,52.58913625739906,141.78264132073556,137.6882663034313,132.07542960154706,143.3430834190566,1
1.0838771672595084,1.0878011472327906,0.688996297098887,0.862713686687361,1.2574144635539704,0.9650793967023148,1.2111577767852266,1.169646325575633,1.3087891148999877,1.7228906447444117,1.7503938614085885,2.2925792020296103,1.2378450071766844,1.6101666031310544,0.946289053940377,0.7855684046369003,49.25844113254079,66.16124125265746,116.87845951671181,57.320137661069744,42.91269680773882,142.13694448107356,135.56415554092678,1
0.8903090558182252,0.9655641795663301,0.5769192396504889,0.5458664127625411,0.7509497866184218,1.7320415171939714,1.6258494026201185,1.4416086825029295,1.2693944815299698,0.9206590785324467,0.4307654941830122,1.1931422174879103,0.8944597362409829,0.6394461679498491,0.4067721548886465,0.6255401211119422,103.33101945001408,47.76369115313843,130.76934678791355,44.76414191964954,31.799262832491184,109.29084283785649,90.56208771473159,1
0.6899899106358429,1.229945544708462,2.274153213536436,1.3369855107975717,1.7601297429296212,1.8330194669556257,2.964877146515334,2.0421716699778054,2.237317290522248,2.099974671625134,1.8899411916366446,1.0369280450178122,2.2614483962042597,1.4097161894677996,1.1204324672692947,1.0511854395875446,105.36438199567225,170.19652614192384,48.417623345991956,115.30490699607692,143.0897576682389,160.21863604858856,149.82343056448366,1
0.9671696790308115,0.9272882244131088,1.2585844755006392,1.2894048100412927,1.5316629495500518,1.003081547894136,1.731432549008866,1.4339446308059862,1.5635174026118674,2.555051510783204,2.8174256314009187,1.4894434881391998,2.152098100699041,1.4778764115406247,1.2174215087950224,1.0848703125742005,65.60374816439638,99.4142960634007,100.00832692640292,138.18270308975775,123.7359404594336,104.60737239952334,111.66661177622588,1
0.9409327424381252,0.8367823722636785,0.9589856740795336,0.9262762937625617,1.9048513014440094,1.5590579743520845,1.6423693369065053,1.4759628510268672,1.9425977017535603,2.7088771483944085,2.501905724606981,1.35524781159014,1.9714501385468883,1.2115696222006775,1.1165054478970673,0.9702101658518176,106.02954642686315,114.31030059364637,85.732223516356,79.37414322607015,74.50009636041254,99.24208082625535,108.36903113493268,1
1.3912990288679905,1.3616135384771098,1.5940802320039205,1.8407509485102835,1.935078565181597,1.552653565077969,1.9852044188507718,2.448439730201969,1.4628668824771982,2.7129470103187927,2.252419006913834,1.266917064490093,1.6166923973673153,0.9820550979372099,1.5772991936053367,1.509854466961837,63.02593299054736,87.3802173896679,42.5661434186345,126.97336573725791,96.61936238830012,115.45278608578303,128.11114705311212,1
1.5902284267755733,0.6866777837520625,0.5566726286287399,0.5586258099441183,2.248987813988023,0.8613113286461526,1.2892270754127633,1.6361501700369738,1.3026035684797668,1.6475618867412145,0.7187914806279017,1.5220796135763217,0.9860581686095121,0.7616024429231325,0.8993810296714255,0.450760016826613,61.75898820376522,95.98404288255954,104.66317531494524,15.517070143101316,45.51080270172948,69.89231587966307,124.59549941109654,1
0.5629629415852533,1.4032070351339303,1.3560432446252135,1.353748942411864,1.2151092205090999,1.1944993376066098,1.2637986853959364,1.584807714980909,0.9399077251562397,1.021454914314772,1.1334050697299487,0.8696673008671915,0.49145287191814635,0.6745769481402384,1.1646903143485956,1.0714730756280935,41.52509300216873,46.307171153057155,61.47808945284435,154.60733811368002,160.2851595458097,99.29983861777265,48.429212234201266,1
0.5285110858853577,1.0479061661236662,2.0131741278944433,1.7925221962074862,0.7237539637510972,1.3511744521292637,2.8815115377417606,2.8195329155266986,1.4964985458822049,0.9799137944613121,1.4211112575607059,0.5631782239076573,1.1205311402170186,0.6384809554632171,0.6804553305383269,0.50855377308276,60.69237899430739,43.71011472931187,36.679638868147386,155.07625164444872,155.18877422946042,111.78691582324898,62.27097090305194,1
0.7972409071395791,1.2343336923343573,0.6881583388681635,0.6851885950303395,1.724057030161432,2.2712577998969414,1.4974497364468577,1.4913543366736366,2.879305342856388,1.5305885113402924,1.805881754822328,1.195454219232169,1.49597835642961,0.9802586732096128,0.7347919768175045,1.0540220869918984,161.42378751419037,111.55676684181269,104.56882799309246,69.40235757577399,89.97301941566407,143.2797705387323,104.1264519905363,1
1.149167210988035,1.7204588980620437,1.3552615305406286,1.6516834613927367,0.8989703798051506,1.3189598526708874,2.0958722409338764,2.461419357423494,0.8963488880499262,1.7135939152939816,1.4442318883732495,0.8701484755324622,0.6860570209817224,0.47404314983159945,0.9561793451816927,1.3682784142396627,11.670997215876307,26.801467371189005,28.815037396208663,102.99265228230293,78.57279640851203,116.0044783527872,104.2700265289217,1
1.4480207563384662,1.6783062206769226,2.6578619254786675,1.7511587651113991,1.880842230497787,1.747345806804103,3.0239447041589345,2.2774578057377646,1.0785058242191299,2.8752587427719916,2.035912594881782,2.0758022730855163,1.2041950125807717,2.301913355536584,2.0665280161893254,1.5650785380484937,36.57320682219957,70.14553848355052,42.428154776705334,95.96537453536004,101.0495868379701,116.5353573523595,104.95172299199072,1
1.1097059995475345,1.317825556848002,1.4901920349540017,1.2816908667373985,1.1264960641931396,1.1627225964254204,1.6237691289566878,1.692846860098904,0.94282919050475,1.525243190476821,1.2940784665724643,1.743300737068789,0.4587988082845247,0.8706914194119981,1.260555957798795,1.1999393952185895,41.234312460194964,65.85433474804111,76.0119765520128,90.32476196429499,78.21842921280903,137.0181656384434,148.08975465971443,1
1.0168577441294058,0.8940989300557389,0.9503439071325679,0.5118277092974542,1.3238226609502368,1.0434335393004308,0.9194827452961082,0.7569564458530198,0.9048225680889207,1.540033671262639,0.931230474532323,1.2693123369692376,0.5433073694442581,0.7695159178374833,1.1299601089296596,0.7754088424685334,52.983629653783176,78.47174210578179,72.39540095877173,52.103029773599985,56.06011402025324,139.30941565280673,153.3718874847942,1
1.0796700095759113,1.0202364360576293,1.7568915739088045,0.9541149976978267,0.9829833204466376,1.2793536955489897,2.0349885167945057,1.6685961451018343,2.3926844454232077,1.1811933518248967,2.2390578977671334,2.1718575656991876,1.7209000048335379,2.4196216092636424,0.9995446503961781,0.9075335957720038,74.61948990059979,43.53402701392889,115.78492112951704,68.61911802396955,121.73852419796005,147.6581969618444,125.46109209476768,1
0.7382354476679892,0.8516454989246321,0.8156380057473078,0.768279573014098,1.095718387298945,1.4463251101791472,1.348834346040176,1.5554258884928207,2.154733143132214,1.54148806070221,2.23827426157815,1.6764408395717292,1.7475072519415797,1.6073899580052415,0.7742725551635349,0.9471400351247882,92.71066900773576,73.06513957142641,102.05359284352603,55.479502875443366,69.46590863048584,120.00939047765985,99.75066950461681,1
0.9395042880444989,1.0179095955376922,0.7254622099410275,0.8891635338400347,1.9136801120763667,2.0054601078123278,1.3399414748322396,1.5135230999438811,2.4622452310220613,2.385369663965049,2.4558016556597653,1.237591315011462,1.8004767191608748,0.8985066070351998,1.000653076607137,1.044922289079269,138.03003644909853,149.26461546890133,77.84648058285788,60.328336281219784,60.993336035159615,107.72307164672782,98.45002068045632,1
0.4338081010298541,0.5891992316469162,0.482704714165192,0.6056567771100282,0.6648261820250186,1.3642053929541302,1.0971029206809042,1.6205663892526951,1.9503880765001542,0.34757567397055944,1.4482114046270496,0.9450548487013809,1.322385701377182,0.4786004837940922,0.3803507112838019,0.6268871842306452,98.86424439780495,22.97208939217758,90.06705994150026,51.346900571037516,60.00382387025292,145.3968057217259,96.06078095022458,1
1.2824966713879795,1.0242842129473986,0.195746964029872,0.4445384925547041,1.8017388823917155,1.151710531868233,1.1586596223043453,1.2392957493992052,1.4624420021379647,1.9068484242923378,1.377287981070375,1.2085870069464475,1.3424219859983237,0.7834353836361033,0.8844128808354358,0.6264181514126488,48.282137266255795,65.11571825347545,84.51947492393846,39.08735243488145,13.137988226698166,117.77215815176903,103.25312550534962,1
1.3356451635578872,2.1169450193631576,1.479143289641388,1.5192392074306191,1.263170976051853,2.0270449006048197,1.8540744049118978,2.0390539699693186,1.200207157868079,2.312319869660871,1.6705767696097222,1.5036789056990851,0.6975391477649066,1.0109594452549695,1.3345211060235425,1.7209264652171672,62.15909979140255,65.2404531677081,73.09470213974555,80.45801538332633,106.96142548217459,142.42248612550134,167.4757475384993,1
0.9467971598949244,0.9886802025391063,1.0698851457936394,0.9917356417697896,1.8223261870632403,1.9440701054701537,1.514475769983679,1.6473069068256287,2.1654770885598063,2.538073442548278,2.5091061106796433,1.5712497088491284,1.7477914836976849,1.526351678605001,1.1363447273466507,1.1123431549759732,141.21109673172444,126.46682730632382,105.15214764141948,96.96488011441943,113.78746506812259,97.17541892777012,102.55225324962211,1
0.8183858935622825,1.1797234535800658,0.5730984413522886,0.5344849449297125,1.807774644738983,2.165627727992213,1.2383834423203952,1.3060022064134724,3.1198735848015566,2.0501605545506094,2.600062765115914,1.599563606409641,2.4918012081744325,1.0384237817111779,0.9431665176324896,1.0378555276480412,141.50368094971074,124.55890315333534,99.69470440340082,42.83245257808579,46.6733975568786,134.83940566532522,100.4352213797829,1
1.3675498335129346,1.748138922194106,1.3039512707966672,1.2260081176501525,1.355550918328302,1.5174857060443294,1.866871887918736,1.8577026685502482,0.9096498924953201,0.8766700546975507,1.3990454071116072,1.1555365806306288,0.9241004474503737,0.6760852341845927,1.1319768249622009,1.1619249842413764,36.879357382700114,36.416342595812814,62.83826355945846,91.49930553083047,82.67603708208092,128.69807935140562,94.98075077905271,1
1.337739624766357,0.9005824784723562,1.0694559576422207,1.0294711401980228,0.502878707143124,0.5236598094706568,1.725170710407743,1.4170050250629358,0.7558270095159462,0.8794321293730429,1.5654045582558984,1.4719550975174496,0.35577411100624784,1.1454639227069958,0.7662684866506221,0.5495550128417398,6.355598283145161,21.606289892996735,82.97068044507006,75.99514419799371,76.30545966815002,116.95224900646194,116.12351590329382,1
0.7923763459619363,0.8389683852764085,0.5131386581732458,0.3633711085157417,1.221777049984566,1.1232486712714447,1.4956614774403991,0.857241293651733,0.6390243474598791,2.065992836701881,1.7838256599693132,2.0509215065668718,1.0269438666939206,0.5406787737541456,0.6609272861828486,0.6915389443466615,40.18370367403026,80.78582927204259,112.88730155094599,42.159330438654905,20.809451053729102,100.1205987400451,133.8790426561325,1
0.5258868789648032,0.6529370182044885,1.7518853081034207,1.8853327292183937,1.1220256150604642,1.3031806469052825,1.1558086042442486,1.2060022253477458,1.154107479728706,1.2998480960785548,0.39455727269508056,0.4426591311171335,0.17846534278202406,0.5191843505339129,1.4298159203942535,1.5867307950041,82.74923060886765,65.45918591004771,20.263584060956745,171.1454463085735,165.51763769385136,141.38950337995064,112.39089072150672,1
0.8999770425640604,1.014473977069983,1.0885585404401783,0.6550878991463812,0.7792450831298073,1.2144775999927329,1.5906265442634473,1.4559075644358876,2.0471090441880175,0.9856202257363683,2.0445125820294447,2.81831919123507,1.4967594782726736,1.823596849253114,0.6199012621469795,0.8159369926985126,72.89387304524405,34.7982290524417,143.1792127254083,26.649640796971887,112.38630399350653,144.77253564386206,109.48192845633064,1
0.6471598339951072,0.5200022711900941,0.3483777008220728,0.25628046785506153,1.0596170857606437,1.146738054400234,1.0159896932982144,1.0770325784751347,1.800186450254331,0.5300136926359725,1.142921694039365,1.2758814616667176,0.7690339185443489,0.9491165964245913,0.5080412617084653,0.6404108733065745,73.15264356955079,46.20443814569073,92.81253655812317,17.44074856280451,44.73958495439294,105.15537095283675,102.322437098153,1
0.9131677578057147,0.4658012575972207,0.6525442503588862,0.7457113174704921,1.093554265849478,1.4798734251960632,1.4338680084525175,1.6583784888313855,1.357251142199923,1.0562940196966568,1.2799230545509244,1.1619725357582662,0.7443520423895442,0.7281371457159089,0.6402710214894999,0.5926394783061556,117.28315260853253,41.149688482604674,80.54735535461205,48.32477631026693,62.194809147473826,47.32300737091025,96.79262638991294,1
0.3887565655310727,0.9127559933836863,1.0105831406180934,1.5213618528474158,1.233851837246932,1.3209742407182201,1.1227154233028098,1.8681199135242503,1.323625050905426,1.440484922399116,1.3891268466134168,0.9055189217889408,0.3691983309914631,0.35316963110388694,0.9691208291598059,1.3037360070757176,83.88743160202704,88.11524398941886,45.99561102231132,92.99606954454899,68.73042239632021,81.75276070682858,62.82270862519054,1
1.1434633507760588,0.738754821272901,0.8245704449933884,1.1183711967077719,1.2175072629899633,1.0762799417597997,1.629647315487838,1.7515049927936899,1.634632652317421,1.9473916737705954,2.268657613008445,1.2531958292455236,2.3108386418606996,0.23712820001060048,0.8265944416077259,0.8108180902716282,80.45805978071694,61.77132772415448,50.18005442223523,66.56890915570666,39.5665706913208,96.84846797624229,160.84461317688775,1
0.872255423195723,0.679675089208267,0.7431117853304385,0.6610273770529825,1.1919190330089973,0.6866555792923682,1.5279720316859784,1.104634752603984,0.9497740946061266,1.914217035265844,1.8477443476274695,1.0870302502633582,1.6121218702245521,0.8005021395478867,0.773686612672425,0.6141261268102005,31.541793278013902,72.7731725514322,73.71618665778333,61.87088129835066,56.537641314288486,114.2690906976756,127.50135405767625,1
1.2292837725434025,1.5033506875710316,1.5582276960057881,1.4998881647042057,1.4464819610534867,1.4725435090682422,1.6814343311466013,1.6032776124007833,2.5680807018988956,2.386997520934252,2.943590251454851,2.140866519288289,3.41402693217329,2.6045324565665986,1.4357938188612764,1.478753982622533,67.37852657434797,72.89777907782035,114.08339083788688,122.57403014650995,169.42147930376098,157.98371069557228,137.48670018414015,1
0.9435977912422503,0.9064849366870288,1.0169877486949166,1.132482456884735,0.6764961200077064,0.8286574246571295,1.3580701594096107,1.6390335252338142,1.3120003718270274,1.4083643402722648,1.9660113995214756,0.7444642486693551,1.4337099584180377,0.8155621818733254,0.7809238094322825,0.9153430855230351,57.0471907231546,33.57168690706244,71.44618793013622,164.31094742828822,129.89184111736728,90.68816781908184,128.57207650356148,1
1.1588487083487384,1.4671218560410053,2.411649123548554,1.9498185087702902,0.5562312967354103,0.5870758212888552,2.867547014689808,2.6762810729245183,0.5712411847995673,1.2890217093329865,1.4142189763116555,2.0729678508515343,0.8261947622108156,1.519827319887403,1.4755276709209113,1.2683961405371578,18.069690766394867,17.177319297426536,58.631369732098086,131.44435409171138,123.56153693612954,131.18851860472338,145.22116490127803,1
1.0064044523687283,0.9235352465039,1.2403119702551377,0.7205153744652606,1.0978721772524265,0.677165284804213,2.2015521782834524,1.147935893297923,1.2026995858946288,2.203065118916528,2.4334458135614954,1.398068172151641,1.8660617739358671,0.4088090369546831,0.7022732174110892,0.6602051040408322,25.48181463338778,67.67497248449384,72.83297048510732,50.46713737210828,61.7061147836958,116.92178281226145,103.97960285547163,1
1.323769793727832,0.33302202022750443,1.1837056537297201,1.3108418983700099,1.3527075735384781,1.011716450721139,1.3857369254366214,1.539276351536728,1.624382071001668,0.9057126785693508,1.4103086358156158,0.6313319096038323,0.2938413903879626,0.47718097269520204,1.0694929832084572,0.9633566736264467,41.82669285951534,24.303454829952578,43.20682211395355,142.5619583604575,169.35962378003205,44.76286612897272,98.8287076907866,1
1.3993536999937288,1.7890770938855756,1.9204839443047148,1.7193412346316816,1.7981279224498325,2.0996580653231223,2.5650693970594047,2.3783271894893394,1.477889215116207,2.5166346411748672,1.2919732714707588,0.8618224738325455,0.5665066235284679,1.0850966570601033,1.5548079419795668,1.601410233256371,57.71183961563424,65.92636269527398,24.592671559027337,98.48150074115914,114.3597093713985,122.4322051001066,109.82258184633805,1
